{
  "baseline": {
    "total_power_consumption": 19747106.704393096,
    "average_temperature": 23.702052441363275,
    "max_temperature": 26.353801579464932,
    "min_temperature": 22.01029050921881,
    "std_temperature": 0.9993475983940888,
    "safety_violations": 0,
    "avg_fan_speed": 0.19999999999999998,
    "power_efficiency": 0.012644664780345205,
    "thermal_stability": 0.9813709058454908,
    "episode_reward": -1945.4383544921875,
    "average_pue": 1.0145561272982493,
    "average_health": 0.9999505263288685,
    "convergence_time": 0
  },
  "model": {
    "total_power_consumption": 20119743.978536155,
    "average_temperature": 36.94051910245148,
    "max_temperature": 59.7470746280788,
    "min_temperature": 22.012078490864248,
    "std_temperature": 9.816713002145816,
    "safety_violations": 0,
    "avg_fan_speed": 0.021145690232515335,
    "power_efficiency": 0.0,
    "thermal_stability": 0.9763373324072809,
    "episode_reward": -1982.16064453125,
    "average_pue": 1.0035127982875107,
    "average_health": 0.9999080158181299,
    "convergence_time": 0
  }
}