{
  "baseline": {
    "total_power_consumption": 5415685.15963166,
    "average_temperature": 32.3782953624825,
    "max_temperature": 49.38278715424181,
    "min_temperature": 28.37213232515881,
    "std_temperature": 4.99491248557686,
    "safety_violations": 0,
    "avg_fan_speed": 0.5,
    "power_efficiency": 0.0,
    "thermal_stability": 0.7788938046671513,
    "episode_reward": -699.7718505859375,
    "average_pue": 1.1324230606907424,
    "average_health": 0.999391834020789,
    "convergence_time": 0
  },
  "model": {
    "total_power_consumption": 5089388.551212015,
    "average_temperature": 60.60463602930504,
    "max_temperature": 71.56747035076376,
    "min_temperature": 49.624534175775594,
    "std_temperature": 6.772143977445199,
    "safety_violations": 0,
    "avg_fan_speed": 0.007368083111941814,
    "power_efficiency": 0.0,
    "thermal_stability": 0.7356899761234663,
    "episode_reward": -360.1600646972656,
    "average_pue": 1.0101148512973468,
    "average_health": 0.9972006306108631,
    "convergence_time": 0
  }
}